Unnamed: 0.3,LC_name,N,SHEAR,MOMENT
0.0,DL,60.50000000000001,0.0,0.0
1.0,SCT,0.0,0.0,1.0142011545993883
2.0,DYN,0.0,0.337295251432492,0.3069386788035677
3.0,WIND,0.0,6.29,6.13
4.0,QUAKE,0.0,1.725,1.1881500000000005
